1,9893.94
3,27540.57
5,28396.91
7,28201.45
9,27941.86
11,27461.27
13,27133.75
15,27329.15
17,24403.16
19,28320.25
21,27829.38
23,28506.14
25,28250.95
27,28422.68
29,28249.36
31,28198.33
33,28293.31
35,28153.02
37,28172.80
39,27918.28
41,27978.22
43,28205.79
45,28400.94
47,27850.25
49,27467.90
51,27453.55
53,27862.93
55,28016.73
57,27958.03
59,27887.80
61,27835.87
63,27489.51
65,27662.49
67,27719.81
69,27644.14
71,26465.19
73,26863.49
75,27004.57
77,27337.92
79,27322.90
81,27041.94
83,27450.52
85,27349.55
87,27701.29
89,27057.42
91,27231.79
93,27283.44
95,26973.11
97,27028.35
99,26349.63
101,26925.00
103,27206.59
105,27117.65
107,26956.94
109,26706.51
111,26959.55
113,26798.14
115,26716.41
117,26496.60
119,26705.19
121,26687.55
123,26633.09
125,26588.62
127,26536.04
129,26689.74
131,26772.15
133,26736.89
135,25062.91
137,25716.31
139,26581.91
141,26199.22
143,26390.46
145,26491.41
147,25373.64
149,26008.54
151,25999.96
153,26335.02
155,26374.74
157,25769.21
159,26007.33
161,25387.59
163,25828.90
165,25007.51
167,25790.44
169,26072.97
171,25500.30
173,25894.38
175,25860.12
177,25402.37
179,25857.01
181,25823.84
183,25800.59
185,25638.69
187,25795.81
189,25971.76
191,25678.32
193,25190.58
195,25243.04
197,23219.62
199,24257.11
201,25899.99
203,25919.23
205,24542.24
207,25978.48
209,26294.27
211,26457.19
213,26845.81
215,26836.99
217,27006.63
219,27227.65
221,26095.45
223,27067.52
225,27825.05
227,27577.51
229,26457.22
231,28195.78
233,28264.02
235,28555.26
237,28791.58
239,28925.69
